{
    "$schema": "https://schema.management.azure.com/schemas/2015-01-01/deploymentParameters.json#",
    "contentVersion": "1.0.0.0",
    "parameters": {
        "vulnerabilityAssessments_Default_storageContainerPath": {
            "value": null
        },
        "serverfarms_WestEuropePlan_name": {
            "value": null
        },
        "storageAccounts_saazuredataserverless_name": {
            "value": null
        },
        "sites_fa_azure_data_platform_serverless_changefeedprocessor_name": {
            "value": null
        },
        "databaseAccounts_cosmos_azure_data_platform_serverless_name": {
            "value": null
        },
        "sites_fa_azure_data_platform_building_serverless_applications_name": {
            "value": null
        },
        "servers_sql_azure_data_platform_building_serverless_applications_name": {
            "value": null
        },
        "components_appi_azure_data_platform_building_serverless_applications_name": {
            "value": null
        },
        "smartdetectoralertrules_failure_anomalies___appi_azure_data_platform_building_serverless_applications_name": {
            "value": null
        },
        "actiongroups_application_insights_smart_detection_externalid": {
            "value": null
        }
    }
}